district_rbi,district_gadm,match_score_rbi_gadm,matched_rbi_gadm,state_gadm,is_ambiguous_match
ADILABAD,Adilabad,100.0,True,Telangana,False
AGAR-MALWA,Agar Malwa,90.0,True,Madhya Pradesh,False
AGRA,Agra,100.0,True,Uttar Pradesh,False
AHMADNAGAR,Ahmadnagar,100.0,True,Maharashtra,False
AHMEDABAD,Ahmadabad,88.88888888888889,True,Gujarat,False
AIZAWL,Aizawl,100.0,True,Mizoram,False
AJMER,Ajmer,100.0,True,Rajasthan,False
AKOLA,Akola,100.0,True,Maharashtra,False
ALAPUZHA,Alappuzha,94.11764705882352,True,Kerala,False
ALIGARH,Aligarh,100.0,True,Uttar Pradesh,False
ALIPURDUAR,Alipurduar,100.0,True,West Bengal,False
ALIRAJPUR,Alirajpur,100.0,True,Madhya Pradesh,False
ALLURI SITHARAMA RAJU,,50.0,False,,False
ALMORA,Almora,100.0,True,Uttarakhand,False
ALWAR,Alwar,100.0,True,Rajasthan,False
AMBALA,Ambala,100.0,True,Haryana,False
AMBEDKAR NAGAR,Ambedkar Nagar,100.0,True,Uttar Pradesh,False
AMETHI,Amethi,100.0,True,Uttar Pradesh,False
AMRAVATI,Amravati,100.0,True,Maharashtra,False
AMRELI,Amreli,100.0,True,Gujarat,False
AMRITSAR,Amritsar,100.0,True,Punjab,False
AMROHA,Amroha,100.0,True,Uttar Pradesh,False
ANAKAPALLI,,66.66666666666667,False,,False
ANAND,Anand,100.0,True,Gujarat,False
ANANTHAPURAMU,Anantapur,81.81818181818181,True,Andhra Pradesh,False
ANANTNAG,Anantnag,100.0,True,Jammu and Kashmir,False
ANNAMAYYA,,62.5,False,,False
ANUGUL,Anugul,100.0,True,Odisha,False
ANUPGARH,,73.6842105263158,False,,False
ANUPPUR,Anuppur,100.0,True,Madhya Pradesh,False
ARARIA,Araria,100.0,True,Bihar,False
ARAVALLI,Aravalli,100.0,True,Gujarat,False
ARIYALUR,Ariyalur,100.0,True,Tamil Nadu,False
ARWAL,Arwal,100.0,True,Bihar,False
ASHOKNAGAR,Ashoknagar,100.0,True,Madhya Pradesh,False
AURAIYA,Auraiya,100.0,True,Uttar Pradesh,False
AURANGABAD,Aurangabad,100.0,True,Bihar,True
AURANGABAD,Aurangabad,100.0,True,Maharashtra,True
AYODHYA,,61.53846153846154,False,,False
AZAMGARH,Azamgarh,100.0,True,Uttar Pradesh,False
BADGAM,Badgam,100.0,True,Jammu and Kashmir,False
BAGALKOTE,Bagalkot,94.11764705882352,True,Karnataka,False
BAGESHWAR,Bageshwar,100.0,True,Uttarakhand,False
BAGHPAT,Baghpat,100.0,True,Uttar Pradesh,False
BAHRAICH,Bahraich,100.0,True,Uttar Pradesh,False
BAJALI,,66.66666666666667,False,,False
BAKSA,Baksa,100.0,True,Assam,False
BALAGHAT,Balaghat,100.0,True,Madhya Pradesh,False
BALANGIR,Balangir,100.0,True,Odisha,False
BALESHWAR,Baleshwar,100.0,True,Odisha,False
BALLARI,,76.92307692307692,False,,False
BALLIA,Ballia,100.0,True,Uttar Pradesh,False
BALOD,Balod,100.0,True,Chhattisgarh,False
BALODABAZAR,Baloda Bazar,95.65217391304348,True,Chhattisgarh,False
BALOTRA,,76.92307692307692,False,,False
BALRAMPUR,Balrampur,100.0,True,Chhattisgarh,True
BALRAMPUR,Balrampur,100.0,True,Uttar Pradesh,True
BANAS KANTHA,Banas Kantha,100.0,True,Gujarat,False
BANDA,Banda,100.0,True,Uttar Pradesh,False
BANDIPORA,Bandipore,88.88888888888889,True,Jammu and Kashmir,False
BANKA,Banka,100.0,True,Bihar,False
BANKURA,Bankura,100.0,True,West Bengal,False
BANSWARA,Banswara,100.0,True,Rajasthan,False
BAPATLA,,71.42857142857143,False,,False
BARA BANKI,Barabanki,94.73684210526316,True,Uttar Pradesh,False
BARAMULLA,Baramulla,100.0,True,Jammu and Kashmir,False
BARAN,Baran,100.0,True,Rajasthan,False
BAREILLY,Bareilly,100.0,True,Uttar Pradesh,False
BARGARH,Bargarh,100.0,True,Odisha,False
BARMER,Barmer,100.0,True,Rajasthan,False
BARNALA,Barnala,100.0,True,Punjab,False
BARPETA,Barpeta,100.0,True,Assam,False
BARWANI,Barwani,100.0,True,Madhya Pradesh,False
BASTAR,Bastar,100.0,True,Chhattisgarh,False
BASTI,Basti,100.0,True,Uttar Pradesh,False
BATHINDA,Bathinda,100.0,True,Punjab,False
BEAWAR,,72.72727272727273,False,,False
BEGUSARAI,Begusarai,100.0,True,Bihar,False
BELAGAVI,,66.66666666666667,False,,False
BEMETARA,Bemetara,100.0,True,Chhattisgarh,False
BENGALURU RURAL,Bangalore Rural,80.0,True,Karnataka,False
BENGALURU URBAN,,66.66666666666667,False,,False
BETUL,Betul,100.0,True,Madhya Pradesh,False
BHADRADRI (KOTHAGUDEM),,48.275862068965516,False,,False
BHADRAK,Bhadrak,100.0,True,Odisha,False
BHAGALPUR,Bhagalpur,100.0,True,Bihar,False
BHANDARA,Bhandara,100.0,True,Maharashtra,False
BHARATPUR,Bharatpur,100.0,True,Rajasthan,False
BHARUCH,Bharuch,100.0,True,Gujarat,False
BHAVNAGAR,Bhavnagar,100.0,True,Gujarat,False
BHILWARA,Bhilwara,100.0,True,Rajasthan,False
BHIND,Bhind,100.0,True,Madhya Pradesh,False
BHIWANI,Bhiwani,100.0,True,Haryana,False
BHOJPUR,Bhojpur,100.0,True,Bihar,False
BHOPAL,Bhopal,100.0,True,Madhya Pradesh,False
BID,Bid,100.0,True,Maharashtra,False
BIDAR,Bidar,100.0,True,Karnataka,False
BIJAPUR,Bijapur,100.0,True,Chhattisgarh,True
BIJAPUR,Bijapur,100.0,True,Karnataka,True
BIJNOR,Bijnor,100.0,True,Uttar Pradesh,False
BIKANER,Bikaner,100.0,True,Rajasthan,False
BILASPUR,Bilaspur,100.0,True,Chhattisgarh,True
BILASPUR,Bilaspur,100.0,True,Himachal Pradesh,True
BIRBHUM,Birbhum,100.0,True,West Bengal,False
BISHENPUR,Bishnupur,88.88888888888889,True,Manipur,False
BISWANATH,,62.5,False,,False
BOKARO,Bokaro,100.0,True,Jharkhand,False
BONGAIGAON,Bongaigaon,100.0,True,Assam,False
BOTAD,Botad,100.0,True,Gujarat,False
BOUDH,,60.0,False,,False
BUDAUN,Budaun,100.0,True,Uttar Pradesh,False
BULANDSHAHR,Bulandshahr,100.0,True,Uttar Pradesh,False
BULDHANA,Buldana,93.33333333333333,True,Maharashtra,False
BUNDI,Bundi,100.0,True,Rajasthan,False
BURHANPUR,Burhanpur,100.0,True,Madhya Pradesh,False
BUXAR,Buxar,100.0,True,Bihar,False
CACHAR,Cachar,100.0,True,Assam,False
CENTRAL DELHI,,52.17391304347826,False,,False
CHAMARAJANAGAR,Chamrajnagar,92.3076923076923,True,Karnataka,False
CHAMBA,Chamba,100.0,True,Himachal Pradesh,False
CHAMOLI,Chamoli,100.0,True,Uttarakhand,False
CHAMPAWAT,Champawat,100.0,True,Uttarakhand,False
CHAMPHAI,Champhai,100.0,True,Mizoram,False
CHANDAULI,Chandauli,100.0,True,Uttar Pradesh,False
CHANDEL,Chandel,100.0,True,Manipur,False
CHANDIGARH,Chandigarh,100.0,True,Chandigarh,False
CHANDRAPUR,Chandrapur,100.0,True,Maharashtra,False
CHARAIDEO,,66.66666666666667,False,,False
CHARKI DADRI,,63.1578947368421,False,,False
CHATRA,Chatra,100.0,True,Jharkhand,False
CHENGALPATTU,,60.0,False,,False
CHENNAI,Chennai,100.0,True,Tamil Nadu,False
CHHATARPUR,Chhatarpur,100.0,True,Madhya Pradesh,False
CHHATRAPATI SAMBHAJINAGAR,,59.45945945945945,False,,False
CHHINDWARA,Chhindwara,100.0,True,Madhya Pradesh,False
CHHOTAUDEPUR,Chhota Udaipur,84.61538461538461,True,Gujarat,False
CHIKKABALLAPURA,Chikballapura,92.85714285714286,True,Karnataka,False
CHIKKAMAGALURU,Chikmagalur,88.0,True,Karnataka,False
CHIRANG,Chirang,100.0,True,Assam,False
CHITRADURGA,Chitradurga,100.0,True,Karnataka,False
CHITRAKOOT,Chitrakoot,100.0,True,Uttar Pradesh,False
CHITTAURGARH,Chittaurgarh,100.0,True,Rajasthan,False
CHITTOOR,Chittoor,100.0,True,Andhra Pradesh,False
CHUMOUKEDIMA,,52.63157894736843,False,,False
CHUNGLANG,Changlang,88.88888888888889,True,Arunachal Pradesh,False
CHURACHANDPUR,Churachandpur,100.0,True,Manipur,False
CHURU,Churu,100.0,True,Rajasthan,False
COIMBATORE,Coimbatore,100.0,True,Tamil Nadu,False
CUDDALORE,Cuddalore,100.0,True,Tamil Nadu,False
CUTTACK,Cuttack,100.0,True,Odisha,False
DADRA&NAGAR HAVELI,Dadra and Nagar Haveli,85.0,True,Dadra and Nagar Haveli,False
DAKSHIN BASTAR DANTEWADA,,70.0,False,,False
DAKSHIN DINAJPUR,Dakshin Dinajpur,100.0,True,West Bengal,False
DAKSHIN KANNAD,Dakshina Kannada,93.33333333333333,True,Karnataka,False
DAMAN,Daman,100.0,True,Daman and Diu,False
DAMOH,Damoh,100.0,True,Madhya Pradesh,False
DANGS,,71.42857142857143,False,,False
DARBHANGA,Darbhanga,100.0,True,Bihar,False
DARJILING,Darjiling,100.0,True,West Bengal,False
DARRANG,Darrang,100.0,True,Assam,False
DATIA,Datia,100.0,True,Madhya Pradesh,False
DAUSA,Dausa,100.0,True,Rajasthan,False
DAVANGERE,Davanagere,94.73684210526316,True,Karnataka,False
DEEG,,54.54545454545454,False,,False
DEHRA DUN,Dehradun,94.11764705882352,True,Uttarakhand,False
DEOGARH,Deoghar,85.71428571428572,True,Jharkhand,False
DEOGHAR,Deoghar,100.0,True,Jharkhand,False
DEORIA,Deoria,100.0,True,Uttar Pradesh,False
DEVBHUMI DWARKA,Devbhumi Dwarka,100.0,True,Gujarat,False
DEWAS,Dewas,100.0,True,Madhya Pradesh,False
DHALAI,Dhalai,100.0,True,Tripura,False
DHAMTARI,Dhamtari,100.0,True,Chhattisgarh,False
DHANBAD,Dhanbad,100.0,True,Jharkhand,False
DHAR,Dhar,100.0,True,Madhya Pradesh,False
DHARASHIV,,66.66666666666667,False,,False
DHARMAPURI,Dharmapuri,100.0,True,Tamil Nadu,False
DHARWAD,Dharwad,100.0,True,Karnataka,False
DHEMAJI,Dhemaji,100.0,True,Assam,False
DHENKANAL,Dhenkanal,100.0,True,Odisha,False
DHOLPUR,Dhaulpur,80.0,True,Rajasthan,False
DHUBRI,Dhubri,100.0,True,Assam,False
DHULE,Dhule,100.0,True,Maharashtra,False
DIBRUGARH,Dibrugarh,100.0,True,Assam,False
DIDWANA-KUCHAMAN,,53.84615384615385,False,,False
DIMA HASAO,Dima Hasao,100.0,True,Assam,False
DIMAPUR,Dimapur,100.0,True,Nagaland,False
DINDIGUL,Dindigul,100.0,True,Tamil Nadu,False
DINDORI,Dindori,100.0,True,Madhya Pradesh,False
DIU,Diu,100.0,True,Daman and Diu,False
DODA,Doda,100.0,True,Jammu and Kashmir,False
DOHAD,,66.66666666666667,False,,False
DR. B.R. AMBEDKAR KONASEEMA,,58.53658536585367,False,,False
DUDU,,66.66666666666667,False,,False
DUMKA,Dumka,100.0,True,Jharkhand,False
DUNGARPUR,Dungarpur,100.0,True,Rajasthan,False
DURG,Durg,100.0,True,Chhattisgarh,False
EAST DELHI,,60.86956521739131,False,,False
EAST GARO HILLS,East Garo Hills,100.0,True,Meghalaya,False
EAST GODAVARI,East Godavari,100.0,True,Andhra Pradesh,False
EAST JAINTIA HILLS,Jaintia Hills,83.87096774193549,True,Meghalaya,False
EAST KAMENG,East Kameng,100.0,True,Arunachal Pradesh,False
EAST KHASI HILLS,East Khasi Hills,100.0,True,Meghalaya,False
EAST NIMAR,East Nimar,100.0,True,Madhya Pradesh,False
EAST SIANG,East Siang,100.0,True,Arunachal Pradesh,False
EASTERN WEST KHASI HILLS,South West Khasi Hills,82.6086956521739,True,Meghalaya,False
ELURU,,60.0,False,,False
ERNAKULAM,Ernakulam,100.0,True,Kerala,False
ERODE,Erode,100.0,True,Tamil Nadu,False
ETAH,Etah,100.0,True,Uttar Pradesh,False
ETAWAH,Etawah,100.0,True,Uttar Pradesh,False
FARIDABAD,Faridabad,100.0,True,Haryana,False
FARIDKOT,Faridkot,100.0,True,Punjab,False
FARRUKHABAD,Farrukhabad,100.0,True,Uttar Pradesh,False
FATEHABAD,Fatehabad,100.0,True,Haryana,False
FATEHGARH SAHIB,Fatehgarh Sahib,100.0,True,Punjab,False
FATEHPUR,Fatehpur,100.0,True,Uttar Pradesh,False
FAZILKA,Fazilka,100.0,True,Punjab,False
FEROZPUR,Firozpur,87.5,True,Punjab,False
FIROZABAD,Firozabad,100.0,True,Uttar Pradesh,False
GADAG,Gadag,100.0,True,Karnataka,False
GADCHIROLI,Garhchiroli,85.71428571428572,True,Maharashtra,False
GAJAPATI,Gajapati,100.0,True,Odisha,False
GANDERBAL,Ganderbal,100.0,True,Jammu and Kashmir,False
GANDHINAGAR,Gandhinagar,100.0,True,Gujarat,False
GANGANAGAR,Ganganagar,100.0,True,Rajasthan,False
GANGAPURCITY,,61.53846153846154,False,,False
GANGTOK,,54.54545454545454,False,,False
GANJAM,Ganjam,100.0,True,Odisha,False
GARHWA,Garhwa,100.0,True,Jharkhand,False
GARHWAL,Garhwal,100.0,True,Uttarakhand,False
GARIYABAND,Gariaband,94.73684210526316,True,Chhattisgarh,False
GAURELA-PENDRA-MARWAHI,,52.94117647058824,False,,False
GAUTAM BUDDHA NAGAR,Gautam Buddha Nagar,100.0,True,Uttar Pradesh,False
GAYA,Gaya,100.0,True,Bihar,False
GHAZIABAD,Ghaziabad,100.0,True,Uttar Pradesh,False
GHAZIPUR,Ghazipur,100.0,True,Uttar Pradesh,False
GIR SOMNATH,Gir Somnath,100.0,True,Gujarat,False
GIRIDIH,Giridih,100.0,True,Jharkhand,False
GOALPARA,Goalpara,100.0,True,Assam,False
GODDA,Godda,100.0,True,Jharkhand,False
GOLAGHAT,Golaghat,100.0,True,Assam,False
GOMATI,Gomati,100.0,True,Tripura,False
GONDA,Gonda,100.0,True,Uttar Pradesh,False
GONDIA,Gondiya,92.3076923076923,True,Maharashtra,False
GOPALGANJ,Gopalganj,100.0,True,Bihar,False
GORAKHPUR,Gorakhpur,100.0,True,Uttar Pradesh,False
GUMLA,Gumla,100.0,True,Jharkhand,False
GUNA,Guna,100.0,True,Madhya Pradesh,False
GUNTUR,Guntur,100.0,True,Andhra Pradesh,False
GURDASPUR,Gurdaspur,100.0,True,Punjab,False
GURUGRAM,,66.66666666666667,False,,False
GWALIOR,Gwalior,100.0,True,Madhya Pradesh,False
GYALSHING,,60.0,False,,False
HAILAKANDI,Hailakandi,100.0,True,Assam,False
HAMIRPUR,Hamirpur,100.0,True,Himachal Pradesh,True
HAMIRPUR,Hamirpur,100.0,True,Uttar Pradesh,True
HANUMAKONDA,,72.72727272727273,False,,False
HANUMANGARH,Hanumangarh,100.0,True,Rajasthan,False
HAORA,Haora,100.0,True,West Bengal,False
HAPUR,Hapur,100.0,True,Uttar Pradesh,False
HARDA,Harda,100.0,True,Madhya Pradesh,False
HARDOI,Hardoi,100.0,True,Uttar Pradesh,False
HARIDWAR,Hardwar,93.33333333333333,True,Uttarakhand,False
HASSAN,Hassan,100.0,True,Karnataka,False
HATHRAS,Hathras,100.0,True,Uttar Pradesh,False
HAVERI,Haveri,100.0,True,Karnataka,False
HAZARIBAG,Hazaribagh,94.73684210526316,True,Jharkhand,False
HINGOLI,Hingoli,100.0,True,Maharashtra,False
HISAR,Hisar,100.0,True,Haryana,False
HOJAI,,72.72727272727273,False,,False
HOSHIARPUR,Hoshiarpur,100.0,True,Punjab,False
HUGLI,Hugli,100.0,True,West Bengal,False
HYDERABAD,Hyderabad,100.0,True,Telangana,False
IDUKKI,Idukki,100.0,True,Kerala,False
IMPHAL EAST,Imphal East,100.0,True,Manipur,False
IMPHAL WEST,Imphal West,100.0,True,Manipur,False
INDORE,Indore,100.0,True,Madhya Pradesh,False
JABALPUR,Jabalpur,100.0,True,Madhya Pradesh,False
JAGATSINGHPUR,Jagatsinghapur,96.2962962962963,True,Odisha,False
JAGITIAL,,66.66666666666667,False,,False
JAIPUR,Jaipur,100.0,True,Rajasthan,False
JAIPUR RURAL,,66.66666666666667,False,,False
JAISALMER,Jaisalmer,100.0,True,Rajasthan,False
JAJPUR,Jajapur,92.3076923076923,True,Odisha,False
JALANDHAR,Jalandhar,100.0,True,Punjab,False
JALAUN,Jalaun,100.0,True,Uttar Pradesh,False
JALGAON,Jalgaon,100.0,True,Maharashtra,False
JALNA,Jalna,100.0,True,Maharashtra,False
JALOR,Jalor,100.0,True,Rajasthan,False
JALPAIGURI,Jalpaiguri,100.0,True,West Bengal,False
JAMMU,Jammu,100.0,True,Jammu and Kashmir,False
JAMNAGAR,Jamnagar,100.0,True,Gujarat,False
JAMTARA,Jamtara,100.0,True,Jharkhand,False
JAMUI,Jamui,100.0,True,Bihar,False
JANGAON,Jalgaon,85.71428571428572,True,Maharashtra,False
JANJGIR-CHAMPA,Janjgir-Champa,100.0,True,Chhattisgarh,False
JASHPUR,Jashpur,100.0,True,Chhattisgarh,False
JAUNPUR,Jaunpur,100.0,True,Uttar Pradesh,False
JAYASHANKAR (BHUPALPALLI),,46.808510638297875,False,,False
JEHANABAD,Jehanabad,100.0,True,Bihar,False
JHABUA,Jhabua,100.0,True,Madhya Pradesh,False
JHAJJAR,Jhajjar,100.0,True,Haryana,False
JHALAWAR,Jhalawar,100.0,True,Rajasthan,False
JHANSI,Jhansi,100.0,True,Uttar Pradesh,False
JHARGRAM,,66.66666666666667,False,,False
JHARSUGUDA,Jharsuguda,100.0,True,Odisha,False
JHUNJHUNU,Jhunjhunun,94.73684210526316,True,Rajasthan,False
JIND,Jind,100.0,True,Haryana,False
JIRIBAM,,57.14285714285714,False,,False
JODHPUR,Jodhpur,100.0,True,Rajasthan,False
JODHPUR RURAL,,70.0,False,,False
JOGULAMBA (GADWAL),,53.84615384615385,False,,False
JORHAT,Jorhat,100.0,True,Assam,False
JUNAGADH,Junagadh,100.0,True,Gujarat,False
KABEERDHAM,Kabeerdham,100.0,True,Chhattisgarh,False
KACHCHH,Kachchh,100.0,True,Gujarat,False
KAIMUR,Kaimur,100.0,True,Bihar,False
KAITHAL,Kaithal,100.0,True,Haryana,False
KAKCHING,,66.66666666666667,False,,False
KAKINADA,,66.66666666666667,False,,False
KALABURAGI,,63.1578947368421,False,,False
KALAHANDI,Kalahandi,100.0,True,Odisha,False
KALIMPONG,,63.1578947368421,False,,False
KALLAKURICHI,,57.14285714285714,False,,False
KAMAREDDY,,70.0,False,,False
KAMRUP,Kamrup,100.0,True,Assam,False
KAMRUP METROPOLITAN,Kamrup Metropolitan,100.0,True,Assam,False
KANAUJ,Kannauj,92.3076923076923,True,Uttar Pradesh,False
KANCHEEPURAM,Kancheepuram,100.0,True,Tamil Nadu,False
KANDHAMAL,Kandhamal,100.0,True,Odisha,False
KANGPOKPI,,57.14285714285714,False,,False
KANGRA,Kangra,100.0,True,Himachal Pradesh,False
KANNUR,Kannur,100.0,True,Kerala,False
KANPUR DEHAT,Kanpur Dehat,100.0,True,Uttar Pradesh,False
KANPUR NAGAR,Kanpur Nagar,100.0,True,Uttar Pradesh,False
KANYAKUMARI,Kanniyakumari,91.66666666666666,True,Tamil Nadu,False
KAPURTHALA,Kapurthala,100.0,True,Punjab,False
KARAIKAL,Karaikal,100.0,True,Puducherry,False
KARAULI,Karauli,100.0,True,Rajasthan,False
KARBI ANGLONG,Karbi Anglong,100.0,True,Assam,False
KARGIL,Kargil,100.0,True,Jammu and Kashmir,False
KARIMGANJ,Karimganj,100.0,True,Assam,False
KARIMNAGAR,Karimnagar,100.0,True,Telangana,False
KARNAL,Karnal,100.0,True,Haryana,False
KARUR,Karur,100.0,True,Tamil Nadu,False
KASARAGOD,Kasaragod,100.0,True,Kerala,False
KASGANJ,Kasganj,100.0,True,Uttar Pradesh,False
KATHUA,Kathua,100.0,True,Jammu and Kashmir,False
KATIHAR,Katihar,100.0,True,Bihar,False
KATNI,Katni,100.0,True,Madhya Pradesh,False
KAUSHAMBI,Kaushambi,100.0,True,Uttar Pradesh,False
KEKRI,,54.54545454545454,False,,False
KENDRAPARA,Kendrapara,100.0,True,Odisha,False
KEONJHAR,Kendujhar,82.35294117647058,True,Odisha,False
KHAGARIA,Khagaria,100.0,True,Bihar,False
KHAIRAGARH-CHHUIKHADAN-GANDAI,,46.15384615384615,False,,False
KHAIRTHAL-TIJARA,,61.53846153846154,False,,False
KHAMMAM,Khammam,100.0,True,Telangana,False
KHEDA,Kheda,100.0,True,Gujarat,False
KHERI,,72.72727272727273,False,,False
KHOWAI,Khowai,100.0,True,Tripura,False
KHUNTI,Khunti,100.0,True,Jharkhand,False
KHURDA,,76.92307692307692,False,,False
KINNAUR,Kinnaur,100.0,True,Himachal Pradesh,False
KISHANGANJ,Kishanganj,100.0,True,Bihar,False
KISHTWAR,Kishtwar,100.0,True,Jammu and Kashmir,False
KOCH BIHAR,Koch Bihar,100.0,True,West Bengal,False
KODAGU,Kodagu,100.0,True,Karnataka,False
KODERMA,Kodarma,85.71428571428572,True,Jharkhand,False
KOHIMA,Kohima,100.0,True,Nagaland,False
KOKRAJHAR,Kokrajhar,100.0,True,Assam,False
KOLAR,Kolar,100.0,True,Karnataka,False
KOLASIB,Kolasib,100.0,True,Mizoram,False
KOLHAPUR,Kolhapur,100.0,True,Maharashtra,False
KOLKATA,Kolkata,100.0,True,West Bengal,False
KOLLAM,Kollam,100.0,True,Kerala,False
KOMRAM BHEEM (ASIFABAD),,50.0,False,,False
KONASEEMA,,62.5,False,,False
KONDAGAON,Kondagaon,100.0,True,Chhattisgarh,False
KOPPAL,Koppal,100.0,True,Karnataka,False
KORAPUT,Koraput,100.0,True,Odisha,False
KORBA,Korba,100.0,True,Chhattisgarh,False
KORIYA,Koriya,100.0,True,Chhattisgarh,False
KOTA,Kota,100.0,True,Rajasthan,False
KOTPUTLI-BEHROR,,45.45454545454546,False,,False
KOTTAYAM,Kottayam,100.0,True,Kerala,False
KOZHIKODE,Kozhikode,100.0,True,Kerala,False
KRISHNA,Krishna,100.0,True,Andhra Pradesh,False
KRISHNAGIRI,Krishnagiri,100.0,True,Tamil Nadu,False
KULGAM,Kulgam,100.0,True,Jammu and Kashmir,False
KULU,Kullu,88.88888888888889,True,Himachal Pradesh,False
KUPWARA,Kupwara,100.0,True,Jammu and Kashmir,False
KURNOOL,Kurnool,100.0,True,Andhra Pradesh,False
KURUKSHETRA,Kurukshetra,100.0,True,Haryana,False
KUSHI NAGAR,Kushinagar,95.23809523809523,True,Uttar Pradesh,False
LAHUL & SPITI,Lahul & Spiti,100.0,True,Himachal Pradesh,False
LAKHIMPUR,Lakhimpur,100.0,True,Assam,False
LAKHISARAI,Lakhisarai,100.0,True,Bihar,False
LAKSHADWEEP,Lakshadweep,100.0,True,Lakshadweep,False
LALITPUR,Lalitpur,100.0,True,Uttar Pradesh,False
LATEHAR,Latehar,100.0,True,Jharkhand,False
LATUR,Latur,100.0,True,Maharashtra,False
LAWNGTLAI,Lawangtlai,94.73684210526316,True,Mizoram,False
LEH LADAKH,Leh (Ladakh),90.9090909090909,True,Jammu and Kashmir,False
LEPARADA,,66.66666666666667,False,,False
LOHARDAGGA,Lohardaga,94.73684210526316,True,Jharkhand,False
LOHIT,Lohit,100.0,True,Arunachal Pradesh,False
LONGDING,Longding,100.0,True,Arunachal Pradesh,False
LOWER DIBANG VALLEY,Lower Dibang Valley,100.0,True,Arunachal Pradesh,False
LOWER SUBANSIRI,Lower Subansiri,100.0,True,Arunachal Pradesh,False
LUCKNOW,Lucknow,100.0,True,Uttar Pradesh,False
LUDHIANA,Ludhiana,100.0,True,Punjab,False
LUNGLEI,Lunglei,100.0,True,Mizoram,False
MADHEPURA,Madhepura,100.0,True,Bihar,False
MADHUBANI,Madhubani,100.0,True,Bihar,False
MADURAI,Madurai,100.0,True,Tamil Nadu,False
MAHABUBABAD,,72.72727272727273,False,,False
MAHARAJGANJ,Maharajganj,100.0,True,Uttar Pradesh,False
MAHASAMUND,Mahasamund,100.0,True,Chhattisgarh,False
MAHBUBNAGAR,Mahbubnagar,100.0,True,Telangana,False
MAHE,Mahe,100.0,True,Puducherry,False
MAHENDRAGARH,Mahendragarh,100.0,True,Haryana,False
MAHESANA,Mahesana,100.0,True,Gujarat,False
MAHISAGAR,Mahisagar,100.0,True,Gujarat,False
MAHOBA,Mahoba,100.0,True,Uttar Pradesh,False
MAIHAR,,76.92307692307692,False,,False
MAINPURI,Mainpuri,100.0,True,Uttar Pradesh,False
MAJULI,,66.66666666666667,False,,False
MALAPPURAM,Malappuram,100.0,True,Kerala,False
MALDAH,Maldah,100.0,True,West Bengal,False
MALERKOTLA,,66.66666666666667,False,,False
MALKANGIRI,Malkangiri,100.0,True,Odisha,False
MAMIT,Mamit,100.0,True,Mizoram,False
MANCHERIAL,,63.63636363636363,False,,False
MANDI,Mandi,100.0,True,Himachal Pradesh,False
MANDLA,Mandla,100.0,True,Madhya Pradesh,False
MANDSAUR,Mandsaur,100.0,True,Madhya Pradesh,False
MANDYA,Mandya,100.0,True,Karnataka,False
MANENDRAGARH-CHIRMIRI-BHARATPUR,,51.162790697674424,False,,False
MANGAN,,72.72727272727273,False,,False
MANSA,Mansa,100.0,True,Punjab,False
MATHURA,Mathura,100.0,True,Uttar Pradesh,False
MAU,Mau,100.0,True,Uttar Pradesh,False
MAUGANJ,,71.42857142857143,False,,False
MAYILADUTHURAI,,66.66666666666667,False,,False
MAYURBHANJ,Mayurbhanj,100.0,True,Odisha,False
MEDAK,Medak,100.0,True,Telangana,False
MEDCHAL-MALKAJGIRI,,64.28571428571428,False,,False
MEERUT,Meerut,100.0,True,Uttar Pradesh,False
MEWAT,Mewat,100.0,True,Haryana,False
MIRZAPUR,Mirzapur,100.0,True,Uttar Pradesh,False
MOGA,Moga,100.0,True,Punjab,False
MOHLA-MANPUR-AMBAGARH CHOUKI,,51.28205128205128,False,,False
MOKOKCHUNG,Mokokchung,100.0,True,Nagaland,False
MON,Mon,100.0,True,Nagaland,False
MORADABAD,Moradabad,100.0,True,Uttar Pradesh,False
MORBI,Morbi,100.0,True,Gujarat,False
MORENA,Morena,100.0,True,Madhya Pradesh,False
MORIGAON,Morigaon,100.0,True,Assam,False
MUKTSAR,Muktsar,100.0,True,Punjab,False
MULUGU,,57.14285714285714,False,,False
MUMBAI,,70.58823529411764,False,,False
MUMBAI SUBURBAN,Mumbai Suburban,100.0,True,Maharashtra,False
MUNGELI,Mungeli,100.0,True,Chhattisgarh,False
MUNGER,Munger,100.0,True,Bihar,False
MURSHIDABAD,Murshidabad,100.0,True,West Bengal,False
MUZAFFARNAGAR,Muzaffarnagar,100.0,True,Uttar Pradesh,False
MUZAFFARPUR,Muzaffarpur,100.0,True,Bihar,False
MYSURU,,66.66666666666667,False,,False
NADIA,Nadia,100.0,True,West Bengal,False
NAGAON,Nagaon,100.0,True,Assam,False
NAGAPATTINAM,Nagappattinam,96.0,True,Tamil Nadu,False
NAGARKURNOOL,,73.6842105263158,False,,False
NAGAUR,Nagaur,100.0,True,Rajasthan,False
NAGPUR,Nagpur,100.0,True,Maharashtra,False
NAINITAL,Nainital,100.0,True,Uttarakhand,False
NALANDA,Nalanda,100.0,True,Bihar,False
NALBARI,Nalbari,100.0,True,Assam,False
NALGONDA,Nalgonda,100.0,True,Telangana,False
NAMAKKAL,Namakkal,100.0,True,Tamil Nadu,False
NAMCHI,,66.66666666666667,False,,False
NAMSAI,Namsai,100.0,True,Arunachal Pradesh,False
NANDED,Nanded,100.0,True,Maharashtra,False
NANDURBAR,Nandurbar,100.0,True,Maharashtra,False
NANDYAL,,76.92307692307692,False,,False
NARAYANPET,Narayanpur,80.0,True,Chhattisgarh,False
NARAYANPUR,Narayanpur,100.0,True,Chhattisgarh,False
NARMADA,Narmada,100.0,True,Gujarat,False
NARMADAPURAM,,73.6842105263158,False,,False
NARSIMHAPUR,Narsimhapur,100.0,True,Madhya Pradesh,False
NASIK,Nashik,90.9090909090909,True,Maharashtra,False
NAVSARI,Navsari,100.0,True,Gujarat,False
NAWADA,Nawada,100.0,True,Bihar,False
NAWAPARA,,71.42857142857143,False,,False
NAWRANGPUR,Nabarangapur,81.81818181818181,True,Odisha,False
NAYAGARH,Nayagarh,100.0,True,Odisha,False
NEEM KA THANA,,57.14285714285714,False,,False
NEEMUCH,Neemuch,100.0,True,Madhya Pradesh,False
NEW DELHI,,52.63157894736843,False,,False
NICOBAR,,63.63636363636363,False,,False
NILGIRIS,The Nilgiris,80.0,True,Tamil Nadu,False
NIRMAL,,61.53846153846154,False,,False
NIWARI,,66.66666666666667,False,,False
NIZAMABAD,Nizamabad,100.0,True,Telangana,False
NONEY,,54.54545454545454,False,,False
NORTH 24 PARGANAS,North 24 Parganas,100.0,True,West Bengal,False
NORTH AND MIDDLE ANDAMAN,North and Middle Andaman,100.0,True,Andaman and Nicobar,False
NORTH DELHI,,60.86956521739131,False,,False
NORTH GARO HILLS,North Garo Hills,100.0,True,Meghalaya,False
NORTH GOA,North Goa,100.0,True,Goa,False
NORTH TRIPURA,North Tripura,100.0,True,Tripura,False
NORTH-EAST DELHI,,56.25,False,,False
NORTH-WEST DELHI,,54.054054054054056,False,,False
NTR,,66.66666666666667,False,,False
NUH,,60.0,False,,False
OSMANABAD,Osmanabad,100.0,True,Maharashtra,False
PAKUR,Pakur,100.0,True,Jharkhand,False
PAKYONG,,50.0,False,,False
PALAKKAD,Palakkad,100.0,True,Kerala,False
PALAMAU,Palamu,92.3076923076923,True,Jharkhand,False
PALGHAR,Palghar,100.0,True,Maharashtra,False
PALI,Pali,100.0,True,Rajasthan,False
PALNADU,,76.92307692307692,False,,False
PALWAL,Palwal,100.0,True,Haryana,False
PANCH MAHALS,Panch Mahals,100.0,True,Gujarat,False
PANCHKULA,Panchkula,100.0,True,Haryana,False
PANDHURNA,,71.42857142857143,False,,False
PANIPAT,Panipat,100.0,True,Haryana,False
PANNA,Panna,100.0,True,Madhya Pradesh,False
PAPUMPARE,Papum Pare,94.73684210526316,True,Arunachal Pradesh,False
PARBHANI,Parbhani,100.0,True,Maharashtra,False
PARVATHIPURAM MANYAM,,52.94117647058824,False,,False
PASCHIM BARDHAMAN,,74.28571428571429,False,,False
PASCHIM MEDINIPUR,Pashchim Medinipur,97.14285714285714,True,West Bengal,False
PASCHIMI CHAMPARAN,Pashchim Champaran,94.44444444444444,True,Bihar,False
PASCHIMI SINGHBHUM,Pashchimi Singhbhum,97.2972972972973,True,Jharkhand,False
PATAN,Patan,100.0,True,Gujarat,False
PATHANAMTHITTA,Pathanamthitta,100.0,True,Kerala,False
PATHANKOT,Pathankot,100.0,True,Punjab,False
PATIALA,Patiala,100.0,True,Punjab,False
PATNA,Patna,100.0,True,Bihar,False
PEDDAPALLI,,57.14285714285714,False,,False
PERAMBALUR,Perambalur,100.0,True,Tamil Nadu,False
PEREN,Peren,100.0,True,Nagaland,False
PHALODI,,72.72727272727273,False,,False
PHEK,Phek,100.0,True,Nagaland,False
PILIBHIT,Pilibhit,100.0,True,Uttar Pradesh,False
PITHORAGARH,Pithoragarh,100.0,True,Uttarakhand,False
POONCH,Poonch,100.0,True,Jammu and Kashmir,False
PORBANDAR,Porbandar,100.0,True,Gujarat,False
PRAKASAM,Prakasam,100.0,True,Andhra Pradesh,False
PRATAPGARH,Pratapgarh,100.0,True,Rajasthan,True
PRATAPGARH,Pratapgarh,100.0,True,Uttar Pradesh,True
PRAYAGRAJ,,70.58823529411764,False,,False
PUDUCHERRY,Puducherry,100.0,True,Puducherry,False
PUDUKKOTTAI,Pudukkottai,100.0,True,Tamil Nadu,False
PULWAMA,Pulwama,100.0,True,Jammu and Kashmir,False
PUNE,Pune,100.0,True,Maharashtra,False
PURBA BARDHAMAN,,73.33333333333334,False,,False
PURBA MEDINIPUR,Purba Medinipur,100.0,True,West Bengal,False
PURBI CHAMPARAN,Purba Champaran,93.33333333333333,True,Bihar,False
PURBI SINGHBHUM,Purbi Singhbhum,100.0,True,Jharkhand,False
PURI,Puri,100.0,True,Odisha,False
PURNIA,Purnia,100.0,True,Bihar,False
PURULIYA,Puruliya,100.0,True,West Bengal,False
RAI BARELI,Rae Bareli,90.0,True,Uttar Pradesh,False
RAICHUR,Raichur,100.0,True,Karnataka,False
RAIGAD,,76.92307692307692,False,,False
RAIGARH,Raigarh,100.0,True,Chhattisgarh,True
RAIGARH,Raigarh,100.0,True,Maharashtra,True
RAIPUR,Raipur,100.0,True,Chhattisgarh,False
RAISEN,Raisen,100.0,True,Madhya Pradesh,False
RAJANNA(SIRCILLA),,53.84615384615385,False,,False
RAJGARH,Rajgarh,100.0,True,Madhya Pradesh,False
RAJKOT,Rajkot,100.0,True,Gujarat,False
RAJNANDGAON,Rajnandgaon,100.0,True,Chhattisgarh,False
RAJOURI,Rajouri,100.0,True,Jammu and Kashmir,False
RAJSAMAND,Rajsamand,100.0,True,Rajasthan,False
RAMANAGARA,Ramanagara,100.0,True,Karnataka,False
RAMANATHAPURAM,Ramanathapuram,100.0,True,Tamil Nadu,False
RAMBAN,Ramban,100.0,True,Jammu and Kashmir,False
RAMGARH,Ramgarh,100.0,True,Jharkhand,False
RAMPUR,Rampur,100.0,True,Uttar Pradesh,False
RANCHI,Ranchi,100.0,True,Jharkhand,False
RANGAREDDI,Ranga Reddy,85.71428571428572,True,Telangana,False
RANIPET,,71.42857142857143,False,,False
RATLAM,Ratlam,100.0,True,Madhya Pradesh,False
RATNAGIRI,Ratnagiri,100.0,True,Maharashtra,False
RAYAGADA,Rayagada,100.0,True,Odisha,False
REASI,Reasi,100.0,True,Jammu and Kashmir,False
REWA,Rewa,100.0,True,Madhya Pradesh,False
REWARI,Rewari,100.0,True,Haryana,False
RI BHOI,Ri Bhoi,100.0,True,Meghalaya,False
ROHTAK,Rohtak,100.0,True,Haryana,False
ROHTAS,Rohtas,100.0,True,Bihar,False
RUDRAPRAYAG,Rudraprayag,100.0,True,Uttarakhand,False
RUPNAGAR,Rupnagar,100.0,True,Punjab,False
SABAR KANTHA,Sabar Kantha,100.0,True,Gujarat,False
SAGAR,Sagar,100.0,True,Madhya Pradesh,False
SAHARANPUR,Saharanpur,100.0,True,Uttar Pradesh,False
SAHARSA,Saharsa,100.0,True,Bihar,False
SAHEBGANJ,Sahibganj,88.88888888888889,True,Jharkhand,False
SAHIBZADA AJIT SINGH NAGAR,Sahibzada Ajit Singh Nagar,100.0,True,Punjab,False
SAIHA,Saiha,100.0,True,Mizoram,False
SAKTI,,61.53846153846154,False,,False
SALEM,Salem,100.0,True,Tamil Nadu,False
SALUMBER,,70.58823529411764,False,,False
SAMASTIPUR,Samastipur,100.0,True,Bihar,False
SAMBA,Samba,100.0,True,Jammu and Kashmir,False
SAMBALPUR,Sambalpur,100.0,True,Odisha,False
SAMBHAL,Sambhal,100.0,True,Uttar Pradesh,False
SANCHORE,,71.42857142857143,False,,False
SANGAREDDY,Ranga Reddy,85.71428571428572,True,Telangana,False
SANGLI,Sangli,100.0,True,Maharashtra,False
SANGRUR,Sangrur,100.0,True,Punjab,False
SANT KABIR NAGAR,Sant Kabir Nagar,100.0,True,Uttar Pradesh,False
SANT RAVIDAS NAGAR,Sant Ravi Das Nagar,97.2972972972973,True,Uttar Pradesh,False
SARAN,Saran,100.0,True,Bihar,False
SARANGARH-BILAIGARH,,57.14285714285714,False,,False
SATARA,Satara,100.0,True,Maharashtra,False
SATNA,Satna,100.0,True,Madhya Pradesh,False
SAWAI MADHOPUR,Sawai Madhopur,100.0,True,Rajasthan,False
SEHORE,Sehore,100.0,True,Madhya Pradesh,False
SENAPATI,Senapati,100.0,True,Manipur,False
SEONI,Seoni,100.0,True,Madhya Pradesh,False
SEPAHIJALA,Sipahijala,90.0,True,Tripura,False
SERAIKELA-KHARSAWAN,Saraikela-kharsawan,94.73684210526316,True,Jharkhand,False
SERCHHIP,Serchhip,100.0,True,Mizoram,False
SHAHDARA,Saharsa,80.0,True,Bihar,False
SHAHDOL,Shahdol,100.0,True,Madhya Pradesh,False
SHAHID BHAGAT SINGH NAGAR,Shahid Bhagat Singh Nagar,100.0,True,Punjab,False
SHAHJAHANPUR,Shahjahanpur,100.0,True,Uttar Pradesh,False
SHAHPURA,,77.77777777777779,False,,False
SHAJAPUR,Shajapur,100.0,True,Madhya Pradesh,False
SHAMLI,Shamli,100.0,True,Uttar Pradesh,False
SHEIKHPURA,Sheikhpura,100.0,True,Bihar,False
SHEOHAR,Sheohar,100.0,True,Bihar,False
SHEOPUR,Sheopur,100.0,True,Madhya Pradesh,False
SHIMLA,Shimla,100.0,True,Himachal Pradesh,False
SHIVAMOGGA,Shimoga,82.35294117647058,True,Karnataka,False
SHIVPURI,Shivpuri,100.0,True,Madhya Pradesh,False
SHOPIAN,Shupiyan,80.0,True,Jammu and Kashmir,False
SHRAVASTI,Shravasti,100.0,True,Uttar Pradesh,False
SIAHA,Saiha,80.0,True,Mizoram,False
SIBSAGAR,Sivasagar,82.35294117647058,True,Assam,False
SIDDIPET,,61.53846153846154,False,,False
SIDHARTHANAGAR,Siddharth Nagar,89.65517241379311,True,Uttar Pradesh,False
SIDHI,Sidhi,100.0,True,Madhya Pradesh,False
SIKAR,Sikar,100.0,True,Rajasthan,False
SIMDEGA,Simdega,100.0,True,Jharkhand,False
SINDHUDURG,Sindhudurg,100.0,True,Maharashtra,False
SINGRAULI,Singrauli,100.0,True,Madhya Pradesh,False
SIRMAUR,Sirmaur,100.0,True,Himachal Pradesh,False
SIROHI,Sirohi,100.0,True,Rajasthan,False
SIRSA,Sirsa,100.0,True,Haryana,False
SITAMARHI,Sitamarhi,100.0,True,Bihar,False
SITAPUR,Sitapur,100.0,True,Uttar Pradesh,False
SIVAGANGA,Sivaganga,100.0,True,Tamil Nadu,False
SIWAN,Siwan,100.0,True,Bihar,False
SOLAN,Solan,100.0,True,Himachal Pradesh,False
SOLAPUR,Solapur,100.0,True,Maharashtra,False
SONBHADRA,Sonbhadra,100.0,True,Uttar Pradesh,False
SONEPUR,Sonitpur,80.0,True,Assam,False
SONIPAT,Sonipat,100.0,True,Haryana,False
SONITPUR,Sonitpur,100.0,True,Assam,False
SORENG,,66.66666666666667,False,,False
SOUTH 24 PARGANAS,South 24 Parganas,100.0,True,West Bengal,False
SOUTH ANDAMAN,South Andaman,100.0,True,Andaman and Nicobar,False
SOUTH DELHI,,60.86956521739131,False,,False
SOUTH GARO HILLS,South Garo Hills,100.0,True,Meghalaya,False
SOUTH GOA,South Goa,100.0,True,Goa,False
SOUTH SALMARA-MANKACHAR,,61.111111111111114,False,,False
SOUTH TRIPURA,South Tripura,100.0,True,Tripura,False
SOUTH WEST GARO HILLS,South West Garo Hills,100.0,True,Meghalaya,False
SOUTH WEST KHASI HILLS,South West Khasi Hills,100.0,True,Meghalaya,False
SOUTH-EAST DELHI,,59.45945945945945,False,,False
SOUTH-WEST DELHI,,64.86486486486487,False,,False
SRI POTTI SRIRAMULU NELLORE,,42.10526315789473,False,,False
SRI SATHYA SAI,,57.14285714285714,False,,False
SRIKAKULAM,Srikakulam,100.0,True,Andhra Pradesh,False
SRINAGAR,Srinagar,100.0,True,Jammu and Kashmir,False
SUKMA,Sukma,100.0,True,Chhattisgarh,False
SULTANPUR,Sultanpur,100.0,True,Uttar Pradesh,False
SUNDARGARH,Sundargarh,100.0,True,Odisha,False
SUPAUL,Supaul,100.0,True,Bihar,False
SURAJPUR,Surajpur,100.0,True,Chhattisgarh,False
SURAT,Surat,100.0,True,Gujarat,False
SURENDRANAGAR,Surendranagar,100.0,True,Gujarat,False
SURGUJA,Surguja,100.0,True,Chhattisgarh,False
SURYAPET,,76.92307692307692,False,,False
TAMENGLONG,Tamenglong,100.0,True,Manipur,False
TAMULPUR,,75.0,False,,False
TAPI,Tapi,100.0,True,Gujarat,False
TARN TARAN,Tarn Taran,100.0,True,Punjab,False
TAWANG,Tawang,100.0,True,Arunachal Pradesh,False
TEHRI GARHWAL,Tehri Garhwal,100.0,True,Uttarakhand,False
TENGNOUPAL,,58.82352941176471,False,,False
TENKASI,,66.66666666666667,False,,False
THANE,Thane,100.0,True,Maharashtra,False
THANJAVUR,Thanjavur,100.0,True,Tamil Nadu,False
THENI,Theni,100.0,True,Tamil Nadu,False
THIRUVALLUR,Thiruvallur,100.0,True,Tamil Nadu,False
THIRUVANANTHAPURAM,Thiruvananthapuram,100.0,True,Kerala,False
THIRUVARUR,Thiruvarur,100.0,True,Tamil Nadu,False
THOUBAL,Thoubal,100.0,True,Manipur,False
THRISSUR,Thrissur,100.0,True,Kerala,False
TIKAMGARH,Tikamgarh,100.0,True,Madhya Pradesh,False
TINSUKIA,Tinsukia,100.0,True,Assam,False
TIRUCHIRAPALLI,Tiruchirappalli,96.55172413793103,True,Tamil Nadu,False
TIRUNELVALI,Tirunelveli,90.9090909090909,True,Tamil Nadu,False
TIRUPATHUR,,77.77777777777779,False,,False
TIRUPATI,,62.5,False,,False
TIRUPPUR,Tiruppur,100.0,True,Tamil Nadu,False
TIRUVANNAMALAI,Tiruvannamalai,100.0,True,Tamil Nadu,False
TONK,Tonk,100.0,True,Rajasthan,False
TOOTHUKUDI,Thoothukkudi,90.9090909090909,True,Tamil Nadu,False
TUENSANG,Tuensang,100.0,True,Nagaland,False
TUMAKURU,Tumkur,85.71428571428572,True,Karnataka,False
UDAIPUR,Udaipur,100.0,True,Rajasthan,False
UDALGURI,Udalguri,100.0,True,Assam,False
UDHAM SINGH NAGAR,Udham Singh Nagar,100.0,True,Uttarakhand,False
UDHAMPUR,Udhampur,100.0,True,Jammu and Kashmir,False
UDIPI,Udupi,80.0,True,Karnataka,False
UJJAIN,Ujjain,100.0,True,Madhya Pradesh,False
UKHRUL,Ukhrul,100.0,True,Manipur,False
UMARIA,Umaria,100.0,True,Madhya Pradesh,False
UNA,Una,100.0,True,Himachal Pradesh,False
UNAKOTI,Unokoti,85.71428571428572,True,Tripura,False
UNNAO,Unnao,100.0,True,Uttar Pradesh,False
UTTAR BASTAR KANKER,Uttar Bastar Kanker,100.0,True,Chhattisgarh,False
UTTAR DINAJPUR,Uttar Dinajpur,100.0,True,West Bengal,False
UTTAR KANNAD,Uttara Kannada,92.3076923076923,True,Karnataka,False
UTTAR KASHI,Uttarkashi,95.23809523809523,True,Uttarakhand,False
VADODARA,Vadodara,100.0,True,Gujarat,False
VAISHALI,Vaishali,100.0,True,Bihar,False
VALSAD,Valsad,100.0,True,Gujarat,False
VARANASI,Varanasi,100.0,True,Uttar Pradesh,False
VELLORE,Vellore,100.0,True,Tamil Nadu,False
VIDISHA,Vidisha,100.0,True,Madhya Pradesh,False
VIJAYANAGARA,,75.0,False,,False
VIJAYAPURA,,70.58823529411764,False,,False
VIKARABAD,,66.66666666666667,False,,False
VILLUPURAM,Viluppuram,90.0,True,Tamil Nadu,False
VIRUDHUNAGAR,Virudunagar,95.65217391304348,True,Tamil Nadu,False
VISAKHAPATNAM,Visakhapatnam,100.0,True,Andhra Pradesh,False
VIZIANAGARAM,Vizianagaram,100.0,True,Andhra Pradesh,False
WANAPARTHY,,60.0,False,,False
WARANGAL,Warangal,100.0,True,Telangana,False
WARDHA,Wardha,100.0,True,Maharashtra,False
WASHIM,Washim,100.0,True,Maharashtra,False
WAYANAD,Wayanad,100.0,True,Kerala,False
WEST DELHI,,60.86956521739131,False,,False
WEST GARO HILLS,West Garo Hills,100.0,True,Meghalaya,False
WEST GODAVARI,West Godavari,100.0,True,Andhra Pradesh,False
WEST JAINTIA HILLS,Jaintia Hills,83.87096774193549,True,Meghalaya,False
WEST KAMENG,West Kameng,100.0,True,Arunachal Pradesh,False
WEST KARBI ANGLONG,Karbi Anglong,83.87096774193549,True,Assam,False
WEST KHASI HILLS,West Khasi Hills,100.0,True,Meghalaya,False
WEST NIMAR,West Nimar,100.0,True,Madhya Pradesh,False
WEST SIANG,West Siang,100.0,True,Arunachal Pradesh,False
WEST TRIPURA,West Tripura,100.0,True,Tripura,False
WOKHA,Wokha,100.0,True,Nagaland,False
Y.S.R.,Y.S.R.,100.0,True,Andhra Pradesh,False
YADADRI BHUVANAGIRI,,60.0,False,,False
YADGIR,Yadgir,100.0,True,Karnataka,False
YAMUNANAGAR,Yamunanagar,100.0,True,Haryana,False
YANAM,Yanam,100.0,True,Puducherry,False
YAVATMAL,Yavatmal,100.0,True,Maharashtra,False
ZUNHEBOTO,Zunheboto,100.0,True,Nagaland,False
